{"weight":1112.7,"location": [36.4203004, 128.317960]}