{"weight":1112.7 "location": [128.317960, 36.4203004]}